,model_no,comment,training_accuracy,testing_accuracy,f1score_train,f1score_test,balanced_accuracy,recall,precision
0,1,logistic regression with ADASYN comp hosp,0.7419166186698287,0.7497680526656888,0.23003246753246753,0.23495074790222545,0.7497680526656888,0.7,0.14116615519508988
1,2,logistic regression with undersampling2,0.7591205605218652,0.7567514740854155,0.7550970277573079,0.21721354439668725,0.7538799024951146,0.7507246376811594,0.12697634514033582
