sex,count,percent
Female,216977,52.544946432376925
Male,191513,46.37837340411105
Unknown/Missing,4446,1.0766801635120213
Total,412936,100.0
