ethnicity,count,percent
Non-Hispanic/Latino,262518,63.573531975899414
Unknown/Missing,117968,28.56810740647461
Hispanic/Latino,32450,7.8583606176259755
Total,412936,100.0
