ethnicity,count,percent,pop_pct,norm_pct
Non-Hispanic/Latino,262518,63.573531975899414,81.1,0.7838906532170089
Hispanic/Latino,32450,7.8583606176259755,18.9,0.41578627606486646
